{"cameraMode":{"drawMode":0,"name":"Shaded","section":"Shading Mode"},"sceneLighting":true,"audioPlay":false,"sceneViewState":{"m_AlwaysRefresh":false,"showFog":true,"showSkybox":true,"showFlares":true,"showImageEffects":true,"showParticleSystems":true,"showVisualEffectGraphs":true,"m_FxEnabled":true},"in2DMode":false,"pivot":{"x":1.4676403999328614,"y":-19.993709564208986,"z":-12.945097923278809},"rotation":{"x":0.09397713094949722,"y":0.864835798740387,"z":-0.46052640676498415,"w":0.17648257315158845},"size":22.886825561523439,"orthographic":false}