{"cameraMode":{"drawMode":0,"name":"Shaded","section":"Shading Mode"},"sceneLighting":true,"audioPlay":false,"sceneViewState":{"m_AlwaysRefresh":false,"showFog":true,"showSkybox":true,"showFlares":true,"showImageEffects":true,"showParticleSystems":true,"showVisualEffectGraphs":true,"m_FxEnabled":true},"in2DMode":false,"pivot":{"x":-0.2207174301147461,"y":-2.4767990112304689,"z":13.330755233764649},"rotation":{"x":0.4220222234725952,"y":0.3707311451435089,"z":-0.19456827640533448,"w":0.8041203022003174},"size":15.935517311096192,"orthographic":false}