{
    "destination_x": -4.671499729156494,
    "destination_y": -0.9300000071525574,
    "destination_z": 80.0,
    "desiredSpeed": 0.5,
    "alpha": 1.0,
    "beta": 1.0
}